Date,Open,High,Low,Close,Volume,30-day MA,90-day MA,Volatility,Daily Returns,10-day Momentum,Close (Scaled),PE_Ratio
2015-01-02 00:00:00-05:00,40.14682068472232,40.80073230999156,40.04357217172424,40.23286056518555,27913900,40.93064702351888,40.04318542480469,0.01313102637270995,0.006673932824091455,0.0223001689099791,0.08609464591782592,
2015-01-05 00:00:00-05:00,39.89728704870359,40.20703576597234,39.79403857035066,39.86287307739258,39673900,40.876440811157224,40.0585018157959,0.01309749713063087,-0.009196151667950958,-0.025042124531871934,0.08530180955390762,
2015-01-06 00:00:00-05:00,39.90589788258683,40.224249311056504,39.18315188132435,39.27779769897461,36447900,40.7889653523763,40.068647384643555,0.0131429098001877,-0.014677200443682592,-0.04217381180801616,0.08404806706004633,
2015-01-07 00:00:00-05:00,39.56173344918359,39.97473071179209,39.1401335129045,39.77683639526367,29114100,40.7387747446696,40.084242757161455,0.013184143392822638,0.012705363475663756,-0.03647347517190491,0.08511744383216503,
2015-01-08 00:00:00-05:00,40.22424878960113,41.08466052841613,40.19843748774398,40.94699478149414,29645200,40.7387747446696,40.10761485629612,0.014239154041047471,0.02941808580759342,-0.017749940977197953,0.08762494516871457,
2015-01-09 00:00:00-05:00,40.96420361838093,41.14488929672014,40.35331206844723,40.60282897949219,23944200,40.730744171142575,40.13039283752441,0.014316777595069883,-0.008405154122751335,-0.019734182791166344,0.0868874414096768,
2015-01-12 00:00:00-05:00,40.800725546791824,40.90397732488576,39.888691149102286,40.09518814086914,23651900,40.697761917114256,40.14876552157932,0.01444459300692481,-0.012502597759369127,-0.026733655443194615,0.08579963133514923,
2015-01-13 00:00:00-05:00,40.4135349336393,41.222320676683566,39.63056048894659,39.8886833190918,35270600,40.656174977620445,40.16199362013075,0.014461835843213916,-0.0051503642045976905,-0.022971785948111,0.0853571176355477,
2015-01-14 00:00:00-05:00,39.54452896118164,39.78544651792607,39.2519887925862,39.54452896118164,29719600,40.579885228474936,40.16522250705295,0.014121978979505612,-0.008627869592913728,-0.02254351420426015,0.08461963839975038,
2015-01-15 00:00:00-05:00,39.768229224899926,39.90589496353655,39.071294576808825,39.13152313232422,32750800,40.49441731770833,40.15854233635797,0.014208529023997619,-0.010444070006823014,-0.020882837172627955,0.08373461917496079,
2015-01-16 00:00:00-05:00,38.98524791635412,39.81984487519795,38.86478754413884,39.785430908203125,35695300,40.44164543151855,40.156372748480905,0.01456406844234923,0.016710511718843746,-0.011121000363806921,0.08513586078574692,
2015-01-20 00:00:00-05:00,39.83706400016938,40.138210086770215,39.20896380657617,39.91450119018555,36161900,40.37137845357259,40.15487738715278,0.014235150723535652,0.0032441594582757194,0.0012951427934644322,0.08541244206601474,
2015-01-21 00:00:00-05:00,39.52731376155102,39.69939676428453,39.13152515281114,39.51010513305664,39081100,40.29967765808105,40.1473686642117,0.014263781075273374,-0.01013155733055593,0.005914471983954783,0.08454587249246098,
2015-01-22 00:00:00-05:00,39.90589965495634,40.55981116980296,39.64777677494347,40.55120849609375,35898000,40.2833304087321,40.15427771674262,0.014918494345343758,0.026350306068055884,0.01946791577729101,0.08677682524639664,
2015-01-23 00:00:00-05:00,40.74910504478565,40.77491634953712,40.26727323542389,40.59423065185547,26211600,40.27157160441081,40.16603503757053,0.014915499931439858,0.0010609339982028398,-0.00861514090401827,0.08686901628168142,
2015-01-26 00:00:00-05:00,40.43934578385865,40.551200212492326,39.78543440258985,40.44794845581055,42525500,40.274726231892906,40.171226755777994,0.014685741213711145,-0.0036035218230755506,-0.0038145254302321963,0.0865555520477689,
2015-01-27 00:00:00-05:00,36.95468990392292,37.16979286811082,36.23194381296315,36.705169677734375,169164000,40.145377731323244,40.137112087673614,0.022358665565404064,-0.09253321666400871,-0.0845492594079964,0.07853525078011914,
2015-01-28 00:00:00-05:00,36.773994028341335,36.81701395283545,35.414542095300185,35.44035339355469,84507100,39.98017870585124,40.08742391798231,0.023080848441205483,-0.03445880499353571,-0.11151859513517759,0.07582490954735073,
2015-01-29 00:00:00-05:00,35.216661342647484,36.240550380579556,35.09620419491561,36.145904541015625,63585300,39.84652862548828,40.03759507073296,0.023488087138076996,0.0199081295726935,-0.08594423829152775,0.07733681636789792,
2015-01-30 00:00:00-05:00,35.750106901020594,35.775921484950636,34.71761216349658,34.76063537597656,78004900,39.71000989278158,39.976744418674045,0.02376701548476408,-0.0383243740232635,-0.1116973582031906,0.0743683598549245,
2015-02-02 00:00:00-05:00,34.92411264397635,35.59523275060171,34.61436389254609,35.51779556274414,50352500,39.582095336914065,39.929056845770944,0.024032544824738926,0.021782115849667605,-0.10726628436690033,0.07599085831551142,
2015-02-03 00:00:00-05:00,35.81895118765269,36.077074121904424,35.31991067018297,35.79313659667969,52082400,39.41230773925781,39.879488457573785,0.02279426055544947,0.007752199413647132,-0.10325481894082267,0.0765808793064513,
2015-02-04 00:00:00-05:00,36.08568131323771,36.317992967799455,35.586644015528904,35.99964141845703,41614800,39.245388158162434,39.84209471808539,0.02283043089304138,0.005769397192100234,-0.08884976900915742,0.07702339300605283,
2015-02-05 00:00:00-05:00,36.32658460659898,36.6879559608785,36.016835855953495,36.524478912353516,36548200,39.086785634358726,39.80701747470432,0.023003052577262834,0.014578964490112867,-0.09929986634376442,0.07814805333657115,
2015-02-06 00:00:00-05:00,36.72237044436273,36.81701625349002,36.26635330825133,36.49005889892578,34616600,38.91355641682943,39.77127278645833,0.022867207363188917,-0.0009423820531521132,-0.10110234107225513,0.07807429560369525,
2015-02-09 00:00:00-05:00,36.34379587557923,36.77400177557221,36.31798128967648,36.447044372558594,31381100,38.74778378804525,39.73581025865343,0.022869501742427398,-0.0011788012314897234,-0.09891488285550376,0.07798212091723744,
2015-02-10 00:00:00-05:00,36.77399432018017,36.79980561863951,36.29216262827661,36.653533935546875,29670700,38.596350860595706,39.7070120493571,0.022935163505787164,0.005665467983564376,-0.0014067702898761247,0.07842460191918503,
2015-02-11 00:00:00-05:00,36.69656020940504,36.69656020940504,36.31797696190967,36.46424865722656,38262500,38.45094108581543,39.67744064331055,0.022915001302849774,-0.005164175401290327,0.02889066179171018,0.07801898752205516,
2015-02-12 00:00:00-05:00,36.705168373600785,37.07514572143555,36.57610528678936,37.07514572143555,33268800,38.3382272084554,39.65152206420898,0.023181965283658727,0.016753315554409953,0.025708062703631906,0.07932806262079697,
2015-02-13 00:00:00-05:00,37.32466545999401,37.74626541137695,37.12677113637601,37.74626541137695,40264900,38.26423174540202,39.63306037055121,0.023411113948255093,0.01810160626161439,0.08589112376995822,0.08076618718522782,
2015-02-17 00:00:00-05:00,38.101551388149986,38.12754638472104,37.42565172717921,37.76360321044922,33695700,38.181923166910806,39.62011133829753,0.023362557888509803,0.000459324886404211,0.06323049086021504,0.08080333989451753,
2015-02-18 00:00:00-05:00,37.806912264210155,37.86756943257944,37.59894246868135,37.72025680541992,27111700,38.11050262451172,39.594805526733396,0.023321299257502346,-0.0011478355173826227,0.053840495468592264,0.08071045403408651,
2015-02-19 00:00:00-05:00,37.4169801624817,37.7202660788905,37.30432969114332,37.694271087646484,27603400,38.057718404134114,39.57804612053765,0.02318962224038086,-0.0006889061733457158,0.04707351524675518,0.08065476992942612,
2015-02-20 00:00:00-05:00,37.70294013719508,38.02356049902295,37.512304666063095,38.006229400634766,29721100,37.998698170979814,39.5820433722602,0.023112657747675267,0.008276013940232918,0.04056869618419334,0.08132325711540933,
2015-02-23 00:00:00-05:00,37.867588713223256,38.29218910799759,37.824262614552126,38.257530212402344,32518800,37.90904935201009,39.59244278801812,0.02243430128210395,0.006612095325704281,0.048437063869156916,0.08186176295256621,
2015-02-24 00:00:00-05:00,38.25751008958497,38.38748831723197,38.05820419050436,38.20551681518555,25271700,37.829138946533206,39.601504219902885,0.022401892562300484,-0.0013595597240079194,0.04824732630311512,0.08175030482469708,
2015-02-25 00:00:00-05:00,38.08420378267874,38.20551812152439,37.95422224501966,38.118865966796875,29759800,37.763261540730795,39.61444803873698,0.02231062667809085,-0.0022680192708250946,0.03997791955959018,0.0815646230223834,
2015-02-26 00:00:00-05:00,38.118870106704335,38.326836622863745,38.03221463699777,38.179527282714844,28957300,37.70628967285156,39.63262604607476,0.02230584802433181,0.0015913725232752363,0.047040010109966834,0.08169461254562321,
2015-02-27 00:00:00-05:00,38.240186803540674,38.30084398327057,37.832914334867084,37.997554779052734,33807700,37.6547238667806,39.64032694498698,0.022272674404107327,-0.004766232497186884,0.024879445236647646,0.08130466849914425,
2015-03-02 00:00:00-05:00,37.84158849090646,38.292187166492596,37.73760519825405,38.023563385009766,31924000,37.61779187520345,39.64404165479872,0.022203902151996264,0.0006844810438004778,0.0073463684581953625,0.08136040165028555,
2015-03-03 00:00:00-05:00,37.746271304424674,37.98023618527326,37.33899873714352,37.503639221191406,31748600,37.54173215230306,39.63437928093804,0.02207453089940809,-0.013673735903019901,-0.006883982648824172,0.08024626996433602,
2015-03-04 00:00:00-05:00,37.26967032922007,37.44297799700052,37.15702315489627,37.3129997253418,25748700,37.45501543680827,39.6273489634196,0.02206228719705712,-0.005083226583032174,-0.010796773791306946,0.07983775365041894,
2015-03-05 00:00:00-05:00,37.32164961643269,37.46896223571672,37.105015939390206,37.3563117980957,23193500,37.383222325642905,39.614719518025716,0.022015036091625383,0.0011607770233623693,-0.008965799836398447,0.07993056594112859,
2015-03-06 00:00:00-05:00,37.26100660817944,37.356325991184406,36.52445314861739,36.706424713134766,36248800,37.255062866210935,39.58432392544216,0.02154203742016847,-0.017396982027387042,-0.034199780088637,0.07853794016215572,
2015-03-09 00:00:00-04:00,36.55912546328997,37.373670813130644,36.55912546328997,37.131038665771484,32108000,37.13962313334147,39.56073625352648,0.021696557332939296,0.011567837400540348,-0.029444962609365577,0.07944783412718043,
2015-03-10 00:00:00-04:00,36.69775064293635,37.009703726903034,36.42045974731445,36.42045974731445,39159700,37.00537350972493,39.523743099636505,0.021902476109699164,-0.019137060098242453,-0.046722494986943586,0.07792515342965989,
2015-03-11 00:00:00-04:00,36.663098190814864,36.71508817688281,36.255825670249095,36.377140045166016,32215300,36.994439188639326,39.485033713446725,0.013978090387122116,-0.0011894331496359323,-0.045691965840431226,0.07783232479012327,
2015-03-12 00:00:00-04:00,35.81389223096525,36.09118315950727,35.4066197334829,35.545265197753906,59992500,36.9979362487793,39.442496405707466,0.013133283087520521,-0.02286806621903892,-0.06899671820068753,0.0760497222670175,
2015-03-13 00:00:00-04:00,35.26797187185781,35.935204156296855,35.18998359690862,35.857215881347656,58007700,36.98831329345703,39.394875081380206,0.012707084385624602,0.00877615293790135,-0.05632833244535518,0.07671819310417374,
2015-03-16 00:00:00-04:00,35.93520295081154,36.08251229545815,35.77055920612617,36.01319122314453,35273500,37.0300651550293,39.34433174133301,0.0104851068039021,0.004349901071879048,-0.052871745383490154,0.07705242852275186,
2015-03-17 00:00:00-04:00,35.84855190456645,36.247160515465744,35.65791645299063,36.1345100402832,31673400,37.0506223042806,39.293901189168295,0.009754243239427795,0.003368732762030424,-0.03650656867812918,0.07731239939481799,
2015-03-18 00:00:00-04:00,35.900543755584614,37.11369402513511,35.81389158157467,36.827735900878906,44194800,37.08510894775391,39.24841817220052,0.010253055557541392,0.019184592784650567,-0.013005221451903637,0.07879789468539489,
2015-03-19 00:00:00-04:00,36.61975747725456,36.90571553452488,36.58509859911058,36.645755767822266,33879100,37.106646092732746,39.19293284946018,0.010267766173712372,-0.004941388021963533,-0.019021043461513787,0.07840793429008895,
2015-03-20 00:00:00-04:00,36.87971828323711,37.24366127314263,36.819061118252854,37.15700912475586,71904500,37.12773043314616,39.14331813388401,0.010238988767379617,0.013951229718736302,0.012275355476390581,0.07950348553418689,
2015-03-23 00:00:00-04:00,37.15703294516311,37.37366676057591,37.07037743565617,37.13970184326172,26246100,37.14938519795736,39.091516198052304,0.01023684535083346,-0.00046578779890571465,0.00023331363197831578,0.07946639822020506,
2015-03-24 00:00:00-04:00,37.070367968371144,37.40831610521644,37.04437297494269,37.174354553222656,25513300,37.17362887064616,39.04028922186957,0.010231172707205987,0.000933036837699408,0.020699760825061864,0.07954065459230356,
2015-03-25 00:00:00-04:00,37.19167673478675,37.200343935001364,35.90920546519773,35.926536560058594,43469900,37.14939562479655,38.97605277167426,0.011940394916614873,-0.03356663506766622,-0.012386995914135945,0.07686673854602469,
2015-03-26 00:00:00-04:00,35.71857473309341,36.05652286343024,35.45861158154005,35.70990753173828,37495600,37.124250920613605,38.90152405632867,0.011952848150352392,-0.0060297776814131065,0.004631906192523738,0.07640252995303373,
2015-03-27 00:00:00-04:00,35.63192378235605,35.900550863884646,35.38063110574391,35.50194549560547,34401400,37.07181091308594,38.8249696943495,0.01152386231726667,-0.005823650927910706,-0.00990791886681286,0.07595689362748088,
2015-03-30 00:00:00-04:00,35.614589066262496,35.99586660204399,35.449948597537045,35.4932746887207,35049700,36.99671122233073,38.74945903354221,0.01092566409653088,-0.00024423469654188956,-0.014436835969418138,0.0759383131856293,
2015-03-31 00:00:00-04:00,35.33730161912022,35.553935402083084,35.12933503859462,35.23331832885742,34887200,36.91236839294434,38.67497952779134,0.010957834308723146,-0.007324101879669365,-0.024939917835363534,0.07538125960427476,
2015-04-01 00:00:00-04:00,35.181326053732796,35.319971546636964,34.93003337042288,35.28531265258789,36865300,36.831203587849934,38.60604900783963,0.010977390272312105,0.0014757146416120026,-0.04188210897467104,0.07549267686007645,
2015-04-02 00:00:00-04:00,35.233317720768326,35.302642116793194,34.7653879643079,34.91270065307617,37487500,36.73848457336426,38.52838944329156,0.0110791430556494,-0.010559974434133035,-0.047292110052969516,0.07469421649968042,
2015-04-06 00:00:00-04:00,34.95601039398806,36.20381918853856,34.81736497237134,36.0045166015625,39223700,36.67176081339518,38.4697445763482,0.012548064136456824,0.03127274396030222,-0.031016826982059542,0.07703383990648677,
2015-04-07 00:00:00-04:00,36.05651844134304,36.31647825544531,35.79655862724077,35.9871940612793,28809400,36.59608294169108,38.41463567945692,0.012452000762794466,-0.00048112131249811174,-0.031031691822575147,0.076996719894851,
2015-04-08 00:00:00-04:00,35.92653459383056,36.12583721547035,35.562591538375685,35.89187240600586,24753400,36.51896146138509,38.35961485968696,0.01245207429173427,-0.002648765978006562,-0.03449911000823602,0.07679245765068572,
2015-04-09 00:00:00-04:00,35.74457927650054,36.065196395360545,35.74457927650054,35.94388198852539,25723900,36.44646199544271,38.30249515109592,0.012467850639566454,0.0014490629502748043,0.0004828026892544912,0.07690390760414137,
2015-04-10 00:00:00-04:00,36.07384812353055,36.35113902178869,35.88320939138999,36.15183639526367,28022000,36.378872299194335,38.247112316555445,0.012531484352616144,0.005785529977109016,0.012375525283357725,0.07734952758086723,
2015-04-13 00:00:00-04:00,35.87455072251339,36.44646369667201,35.865883521298215,36.186500549316406,30276700,36.318503824869794,38.18437097337511,0.012527422975493311,0.0009588490519192305,0.01928218423397876,0.0774238084762062,
2015-04-14 00:00:00-04:00,36.221168627359496,36.42047131529283,35.86588934790107,36.091190338134766,24244400,36.25409138997396,38.12210019429525,0.012521656940831724,-0.0026338609629231735,0.016845885725051746,0.07721957075528137,
2015-04-15 00:00:00-04:00,36.18649498247275,36.79307005704056,36.11717391125918,36.6197624206543,27343600,36.22462882995605,38.06933547125922,0.012651610241374251,0.01464545994652422,0.03935036941046022,0.07835223383660159,
2015-04-16 00:00:00-04:00,36.351155217790655,36.68910344401521,36.23850470719257,36.53312683105469,22509700,36.19863306681315,38.00834231906467,0.012628980529791934,-0.002365815173905772,0.03536355737449526,0.07816658473194184,
2015-04-17 00:00:00-04:00,36.10851545476784,36.16917595192448,35.666584015262494,36.065189361572266,42387600,36.15559565226237,37.94616521199544,0.012816941074954487,-0.012808579776003581,0.03301058603137741,0.07716385395296703,
2015-04-20 00:00:00-04:00,36.160506138412245,37.4083153824002,36.1171800483457,37.18301773071289,46057700,36.17148208618164,37.90329178704156,0.013708302400637393,0.030994662413492913,0.03273203587738904,0.07955921868532818,
2015-04-21 00:00:00-04:00,37.26100402404047,37.3909855928634,36.853731526925976,36.94905090332031,26013800,36.16541582743327,37.85887018839518,0.013599390325948299,-0.006292303359749174,0.02672775322252563,0.07905785738304753,
2015-04-22 00:00:00-04:00,36.97504418836152,37.37365277175633,36.871060921443444,37.25233840942383,25064300,36.19314511617025,37.82441495259603,0.013187842226536826,0.008208262423224033,0.037904570372603974,0.07970776412717913,
2015-04-23 00:00:00-04:00,37.165680740919164,37.78958691677663,37.08769246893698,37.55562210083008,46309500,36.23242785135905,37.790748257107204,0.013248293015645018,0.008141332983529592,0.044840457489238705,0.08035766269689726,
2015-04-24 00:00:00-04:00,39.565991593063565,41.71499819330089,39.55732769671995,41.48103332519531,130933700,36.43028678894043,37.80280058119032,0.02248262223177889,0.1045225988755083,0.14741151380707818,0.08876932218455891,
2015-04-27 00:00:00-04:00,40.92644734888771,41.706330165313794,40.917783453402386,41.61967468261719,59248200,36.622368748982744,37.81907022264269,0.02247632579882385,0.003342283118527467,0.15014367376851578,0.0890664130682608,
2015-04-28 00:00:00-04:00,41.403046141957724,42.64219160304678,41.33372505264981,42.5988655090332,60730800,36.84189122517903,37.86065542432997,0.022722284501395438,0.02352711389224238,0.18031201270805086,0.09116469509133354,
2015-04-29 00:00:00-04:00,42.21758500775079,42.72884077483564,42.02694625561348,42.51220703125,47804600,37.05448112487793,37.895732922024195,0.02276402449954219,-0.002034290743372691,0.16090887054123115,0.09097899694019289,
2015-04-30 00:00:00-04:00,42.20025531411902,42.92814484898088,42.11359983046362,42.14826202392578,64725500,37.23183199564616,37.909749560885956,0.02275974391460791,-0.008560953023603046,0.15369982478745814,0.09019910884723496,
2015-05-01 00:00:00-04:00,42.096263496920336,42.35622328399682,41.940286963560844,42.165584564208984,38937300,37.41582628885905,37.92262017991808,0.02270207919547417,0.00041099061862559516,0.1691491244223644,0.09023622885887073,
2015-05-04 00:00:00-04:00,41.91430199903388,42.34756955045618,41.74966151949828,41.80165481567383,34039500,37.57064781188965,37.92838795979818,0.022766796881259002,-0.008630966516804062,0.12421361596872171,0.08945637346356673,
2015-05-05 00:00:00-04:00,41.437697599340034,41.7323195900673,40.99576626603324,41.2470588684082,50369200,37.707559712727864,37.92350044250488,0.022975754665493658,-0.013267320389853898,0.11632255389546864,0.08826794453345127,
2015-05-06 00:00:00-04:00,41.22106020905841,41.39436783032967,39.877931928949984,40.10322952270508,52433000,37.80518887837728,37.90886717902289,0.023681954995654397,-0.027731173496571504,0.07652918541511089,0.08581686299877579,
2015-05-07 00:00:00-04:00,40.0945832113349,40.80514179512852,39.999263812558056,40.467193603515625,32971700,37.95654411315918,37.900763532850476,0.022683139000528856,0.009075680067224479,0.07752691447550797,0.08659679196380114,
2015-05-08 00:00:00-04:00,41.203733224486655,41.576343490421245,41.177738235652974,41.37704086303711,35364900,38.14544855753581,37.90688018798828,0.022836034533972163,0.02248357690518077,-0.0025069882262320764,0.08854647949854202,
2015-05-11 00:00:00-04:00,41.20374422494091,41.515697396502425,41.047767639160156,41.047767639160156,24609400,38.330309295654295,37.913449139065214,0.022874732508731548,-0.007957872699666635,-0.013741266548051412,0.08784088864975002,
2015-05-12 00:00:00-04:00,40.59716235157347,41.31638796918034,40.22455204700559,41.03042984008789,29928300,38.5148811340332,37.92527470058865,0.02287618855703289,-0.00042238104699576784,-0.03681871923590829,0.08780373594046033,
2015-05-13 00:00:00-04:00,41.758328871242426,41.87097936949249,41.22107798858492,41.2730712890625,34184600,38.7162062327067,37.93683259752061,0.022755914869097598,0.005913695028793908,-0.02914776316545109,0.08832368585900606,
2015-05-14 00:00:00-04:00,41.61967524809408,42.30423869563924,41.61967524809408,42.217586517333984,32980900,38.947282028198245,37.962996080186635,0.02295926558712601,0.022884539453253305,0.0016447770341954104,0.09034766246349939,
2015-05-15 00:00:00-04:00,42.34756621528559,42.382228410006064,41.63700775136006,41.853641510009766,28642700,39.17864672342936,37.991616566975914,0.022913015050042992,-0.008620696665707972,-0.007398048845360994,0.08956777437054146,
2015-05-18 00:00:00-04:00,41.57635333264933,41.78432320925554,41.25573627405178,41.60234832763672,24136500,39.365241114298506,38.01190003289117,0.022519733755139427,-0.006004093629772833,-0.00476790904369595,0.08902928488221155,
2015-05-19 00:00:00-04:00,41.48023312298491,41.698274712163034,41.148808975859986,41.497676849365234,28574800,39.548923873901366,38.01801872253418,0.022540063089871495,-0.002515999275982006,0.006076020638382529,0.08880498715059433,
2015-05-20 00:00:00-04:00,41.331963112277464,41.80293374339436,41.227304081046135,41.497676849365234,25047900,39.73578402201335,38.02796147664388,0.02251426224868222,0.0,0.034771447169128056,0.08880498715059433,
2015-05-21 00:00:00-04:00,41.23603244161202,41.51512546483044,41.000547079449355,41.35813522338867,22410700,39.916259129842125,38.04199422200521,0.02255814099040928,-0.003362637057565676,0.022016392552500763,0.08850596710530995,
2015-05-22 00:00:00-04:00,41.25346273797979,41.297070384835486,40.83482333947471,40.904598236083984,25720600,40.07468452453613,38.05328216552734,0.022742624754366603,-0.010966088892910397,-0.011417989713594201,0.08753409473724134,
2015-05-26 00:00:00-04:00,40.843549127055724,40.887156776326485,40.285359904418705,40.63422775268555,29581900,40.22294209798177,38.065389929877384,0.022823542654776013,-0.0066097821530473055,-0.010074601135679928,0.08695472500707252,
2015-05-27 00:00:00-04:00,40.83483337105237,41.66339217305709,40.660399413727525,41.52384567260742,27335600,40.40403060913086,38.09197129143609,0.0230120776653815,0.021893314309709755,0.012025607200377264,0.088861063627102,
2015-05-28 00:00:00-04:00,41.42791170933567,41.88143872097878,41.33197285515425,41.38430404663086,19283700,40.56284866333008,38.10973654852973,0.022984734252033383,-0.0033605178835498517,0.002695044349603215,0.08856204358181763,
2015-05-29 00:00:00-04:00,41.36686665358565,41.48896945868596,40.63424649593191,40.86973190307617,36519600,40.70740216573079,38.120350223117406,0.023158711639591,-0.01243399292096059,-0.03192637773607454,0.08745938059798768,
2015-06-01 00:00:00-04:00,41.044165663126584,41.663403215046905,40.66041018989559,41.19243240356445,28837300,40.87831026713054,38.13904274834527,0.022948264556319414,0.007895831106834228,-0.015798126103010124,0.08815088693234487,
2015-06-02 00:00:00-04:00,40.930770188689614,41.29707848660102,40.66039740186154,40.92204666137695,21498300,41.00294456481934,38.14316317240397,0.022483184277720825,-0.006563966398937415,-0.016352482338306773,0.08757148450452211,
2015-06-03 00:00:00-04:00,41.31451933582756,41.63722328289655,40.83482850562716,40.860992431640625,28002200,41.13334261576335,38.146127192179364,0.022428605183261965,-0.0014919642275358358,-0.015342652072687035,0.08744065301669335,
2015-06-04 00:00:00-04:00,40.80867138803251,41.131372061889465,40.29409301926273,40.43363952636719,27745500,41.239385986328124,38.145968204074435,0.022554707703639966,-0.010458701070180543,-0.025640888931215522,0.08652488982278635,
2015-06-05 00:00:00-04:00,40.39002645460612,40.57318059681665,39.98010718932955,40.241756439208984,25438100,41.32892379760742,38.185263612535266,0.022575528951804546,-0.004745629861815259,-0.02699296711879695,0.08611370865007313,
2015-06-08 00:00:00-04:00,40.38131671899024,40.49469931924666,39.83185077764958,39.88418197631836,22121600,41.275695419311525,38.234639485677086,0.011863362287308008,-0.008885657449639206,-0.024946248191369924,0.0853474718276353,
2015-06-09 00:00:00-04:00,39.91035052944131,40.06734081655833,39.648701159930354,39.814414978027344,24406100,41.2155200958252,38.275400712754994,0.011831926794457612,-0.001749239794674451,-0.020175424020554278,0.0851979699794066,
2015-06-10 00:00:00-04:00,39.9365074958599,40.84356151482095,39.849288843814776,40.65168380737305,28417400,41.15061403910319,38.34085680643717,0.011657905589483314,0.021029288759053077,-0.0210038798455926,0.08699213112318027,
2015-06-11 00:00:00-04:00,40.69529186335592,40.922053706763066,40.23304464772707,40.503414154052734,27347800,41.08365427652995,38.39625256856282,0.011664206679443857,-0.0036473188668613155,-0.02128560363333787,0.08667440801984203,
2015-06-12 00:00:00-04:00,40.311536036724505,40.52957765816581,40.032443027443726,40.0934944152832,23931000,41.01516202290853,38.444034322102866,0.011699969365621454,-0.010120621861910761,-0.018992967451654463,0.08579600189556186,
2015-06-15 00:00:00-04:00,39.63997757340699,39.81441158054674,39.26494562252471,39.666141510009766,33254500,40.93184725443522,38.484773212009,0.011808462687185248,-0.010658908920409216,-0.03705270129720761,0.08488023870165486,
2015-06-16 00:00:00-04:00,39.55274317436783,40.328974031044446,39.50913552169065,39.97138595581055,27070300,40.87083829243978,38.523072179158525,0.011866851397880273,0.0076953400099113445,-0.023231015629129326,0.08553433891990432,
2015-06-17 00:00:00-04:00,39.88417299479706,40.18070973303928,39.561472326638246,40.0934944152832,28704100,40.83238614400228,38.5631103515625,0.011677771861678118,0.003054896810624763,-0.018783146729522637,0.08579600189556186,
2015-06-18 00:00:00-04:00,40.311528834541086,40.81738357584075,40.26791785640361,40.74761199951172,32658300,40.85386555989583,38.610894436306424,0.010930331605784131,0.016314806024469997,0.007765130144660626,0.08719769309908967,
2015-06-19 00:00:00-04:00,40.808660254249766,40.84354770327037,40.11092790908905,40.20686340332031,63837000,40.84518788655599,38.65037587483724,0.0110922564381615,-0.013270681879416268,-0.0008670853107861642,0.08603893728992507,
2015-06-22 00:00:00-04:00,40.407485391122655,40.74762987670312,40.25921531991591,40.32026672363281,20318100,40.80996208190918,38.69322052001953,0.010257924964828217,0.0028204965698253037,0.010933776893641278,0.08628194625400964,
2015-06-23 00:00:00-04:00,40.233034429369056,40.36385738489829,39.78822773023818,40.04115676879883,25896500,40.77640838623047,38.726176198323564,0.010234764058701646,-0.0069223241192100105,0.00569496728500507,0.0856838489425465,
2015-06-24 00:00:00-04:00,39.83183943494969,40.33769756354179,39.72718039446719,39.8056755065918,34890900,40.735583241780596,38.74905853271484,0.010276678455522041,-0.005880980501305699,-0.020811150278301827,0.08517924239811227,
2015-06-25 00:00:00-04:00,40.145835960116834,40.1720032260045,39.68358862974575,39.814414978027344,20616000,40.6869613647461,38.77184533013238,0.010197647922335589,0.00021955340097412623,-0.017010891314120258,0.0851979699794066,
2015-06-26 00:00:00-04:00,39.814410035444396,40.36387264509113,39.273664301591026,39.47426223754883,49835300,40.59551722208659,38.791334279378255,0.009210056336011779,-0.008543456953122086,-0.015444704602708081,0.08446906570335513,
2015-06-29 00:00:00-04:00,39.2823780057744,39.44808843479856,38.68930454909185,38.69802474975586,34081700,40.49032999674479,38.80248709784614,0.00968419345640058,-0.019664395071444685,-0.02440662800564053,0.08280568700092932,
2015-06-30 00:00:00-04:00,38.9945719537005,39.00329548375902,38.3230032024259,38.506160736083984,35945400,40.38712374369303,38.80804189046224,0.00967325826090282,-0.0049579795070311405,-0.03665685301346344,0.08239454670028352,
2015-07-01 00:00:00-04:00,38.7765157624858,39.44808426231562,38.46253533897569,38.76779556274414,28343900,40.29612770080566,38.81371150546604,0.009821926146858036,0.006794622513871529,-0.03306518605755948,0.0829551970235715,
2015-07-02 00:00:00-04:00,38.79397280542758,39.029458203892816,38.4276644036273,38.72420120239258,21752000,40.20367851257324,38.819474665323895,0.009815308385854996,-0.001124499335563356,-0.04965716266129627,0.08286177982626397,
2015-07-06 00:00:00-04:00,38.340445064773846,38.79397212118335,38.3317248621927,38.715476989746094,23034000,40.11558990478515,38.826103676689996,0.0098198313618535,-0.00022529096470935706,-0.03709283160474186,0.08284308494262357,
2015-07-07 00:00:00-04:00,38.67186942863492,38.802695757072506,37.782259045593854,38.63698196411133,36435800,40.0400026957194,38.83118650648329,0.009677756041178763,-0.002027484399987012,-0.041747857747549744,0.082674880036341,
2015-07-08 00:00:00-04:00,38.75906727805847,39.16026628498898,38.401479245634704,38.58463668823242,39785900,39.971682993570965,38.83770963880751,0.009636179989876308,-0.00135479722322851,-0.03637557448643358,0.08256271073449868,
2015-07-09 00:00:00-04:00,39.0294553405804,39.439374707137965,38.811413690633024,38.828857421875,32424700,39.88185005187988,38.846657350328236,0.008696471835781601,0.006329481228912526,-0.02453966858457246,0.08308604486022725,
2015-07-10 00:00:00-04:00,39.256220939187116,39.36960353955527,38.87246879639347,38.90735626220703,25465800,39.799285125732425,38.86225420633952,0.008727120702736159,0.0020216623806139644,-0.02278216862713911,0.08325425794092331,
2015-07-13 00:00:00-04:00,39.23005321927974,39.788239310247555,39.20388928596923,39.718467712402344,28178300,39.76090965270996,38.888981628417966,0.009443385426883678,0.020847251731241245,0.006186448105956588,0.08499236713142976,
2015-07-14 00:00:00-04:00,39.63997560396923,40.084779139377005,39.517872803153445,39.78824234008789,22880300,39.714103317260744,38.91600307888455,0.00931160349301278,0.0017567300982197498,0.028172435088922976,0.08514188532848543,
2015-07-15 00:00:00-04:00,39.840560146367885,40.023714286029026,39.62251855332824,39.91033172607422,26629600,39.680379486083986,38.95160204569499,0.00928321521172484,0.0030684789979606997,0.036466138486623834,0.08540350743207555,
2015-07-16 00:00:00-04:00,40.12837628253043,40.72144972555984,40.093492153626464,40.69528579711914,26271700,39.674855931599936,38.99120479159885,0.010004108518439641,0.019667941535351785,0.04971885056645631,0.08708556466931477,
2015-07-17 00:00:00-04:00,40.599352812121666,40.799950722216686,40.34642371054696,40.660404205322266,29467100,39.68241475423177,39.038315285576715,0.009812616989926902,-0.000857140848470106,0.049999817757636844,0.08701081783240718,
2015-07-20 00:00:00-04:00,40.68656465674867,41.1052041373835,40.50340718074212,40.92204666137695,30631900,39.705091094970705,39.08881424797906,0.009829318508767674,0.006434821816661662,0.056994510805466136,0.08757148450452211,
2015-07-21 00:00:00-04:00,40.79994733365485,41.27964156475003,40.53829805209001,41.23603057861328,42781900,39.7501527150472,39.15204497443305,0.0097425026503588,0.007672732496360579,0.0672684170030704,0.0882443123040659,
2015-07-22 00:00:00-04:00,39.63124905628141,40.93077875254522,39.421930935694256,39.718467712402344,59152400,39.7469544728597,39.19494777255588,0.011954046738001668,-0.036801865866255556,0.029385556570906246,0.08499236713142976,
2015-07-23 00:00:00-04:00,39.48298653529135,40.32026576088998,39.3347164676249,40.215606689453125,33934000,39.732418568929035,39.24164127773709,0.011530930940704861,0.012516569890120621,0.035714397992995695,0.08605767304563289,
2015-07-24 00:00:00-04:00,40.041154038734646,40.39874208274792,39.94521521499078,40.067317962646484,32333200,39.717882029215495,39.28533914354112,0.011531334517874305,-0.0036873427759459565,0.029813428921311447,0.08573990907022722,
2015-07-27 00:00:00-04:00,40.06732800433792,40.128379393466496,39.46553431419143,39.55274963378906,39701400,39.69985720316569,39.31561707390679,0.011621657901825195,-0.012842594788529116,-0.004172318021259835,0.08463725426081074,
2015-07-28 00:00:00-04:00,39.75334682481413,39.805674680443886,39.064334557915046,39.54402542114258,34328900,39.69578666687012,39.347820070054794,0.011458628333757265,-0.0002205715842074074,-0.00613791674580344,0.08461855937717035,
2015-07-29 00:00:00-04:00,39.59636518024812,40.79995269913686,39.474259060879,40.37259292602539,40945900,39.709160232543944,39.38354877895779,0.012009605373882548,0.020953038949843794,0.011582494556144463,0.08639407468378454,
2015-07-30 00:00:00-04:00,40.346423226627245,41.34069589050741,40.05860999456955,40.887168884277344,39777900,39.735616048177086,39.425187301635745,0.012212014482646616,0.012745675245452004,0.0047151183091527216,0.08749674584202799,
2015-07-31 00:00:00-04:00,41.244764959943204,41.314536567429904,40.55575245310761,40.730186462402344,31201500,39.7350351969401,39.46469654507107,0.011874576214874566,-0.003839405519108108,0.0017162214307486767,0.08716035237828981,
2015-08-03 00:00:00-04:00,40.97438518962498,40.99182892032661,40.512137970711805,40.82611846923828,24125900,39.7556770324707,39.519136344061955,0.011609690463059343,0.0023553048774891394,-0.0023441689740608673,0.08736592252861271,
2015-08-04 00:00:00-04:00,40.77378293987815,41.61106196218339,40.71273155244243,41.46279525756836,33403900,39.793761316935225,39.5830573187934,0.01192486932153398,0.015594840073023475,0.005499187864912658,0.08873024031368672,
2015-08-05 00:00:00-04:00,41.84654139581987,42.22157319537029,41.462789396604585,41.497676849365234,26959700,39.842311986287434,39.6496765560574,0.011830863801749974,0.0008412744866859168,0.0447955130053348,0.08880498715059433,
2015-08-06 00:00:00-04:00,41.61106589136909,41.66339708284877,40.40747843079896,40.660404205322266,27368000,39.87080294291179,39.70708910624186,0.012402469072240406,-0.020176373898766253,0.011060320917296806,0.08701081783240718,
2015-08-07 00:00:00-04:00,40.45981153629937,40.79995600735035,40.34642893693176,40.765071868896484,19163000,39.90249150594075,39.76855303446452,0.012406228904162167,0.0025741914184049808,0.01741453987263375,0.0872351073896109,
2015-08-10 00:00:00-04:00,40.94823493133641,41.41920583640197,40.85229604396536,41.279659271240234,23079900,39.9626714070638,39.83515688578288,0.012454694404891473,0.01262324285846228,0.043660925054270106,0.0883378030710948,
2015-08-11 00:00:00-04:00,40.83483729521442,40.93949634884649,40.03244567228303,40.47724914550781,29237400,40.0219788869222,39.89698520236545,0.012441470456143288,-0.01943839023621652,0.023599613707163902,0.08661833971774782,
2015-08-12 00:00:00-04:00,40.285377535822704,40.90461840386745,39.86673793090981,40.765071868896484,30181400,40.09727592468262,39.94988026089138,0.012418047902826709,0.007110728358886487,0.009721420261270541,0.0872351073896109,
2015-08-13 00:00:00-04:00,41.04416425127281,41.0790483891423,40.54702952082593,40.75634765625,22627200,40.163560994466145,40.002870856391056,0.01239018591362315,-0.00021401195304016074,-0.003199566798024245,0.08721641250597052,
2015-08-14 00:00:00-04:00,40.58191711771639,41.0790518905368,40.573196914268685,40.99183654785156,21473400,40.23914883931478,40.05953712463379,0.012399177186232785,0.005777968467335137,0.006423984473794331,0.08772103539923173,
2015-08-17 00:00:00-04:00,40.826120108431276,41.38430620508921,40.616798658658766,41.27092361450195,21099700,40.32433039347331,40.11872647603353,0.012422642786810295,0.006808357228020201,0.010895112294322606,0.08831908366421397,
2015-08-18 00:00:00-04:00,41.12166353240372,41.63963508833348,40.998755595232275,41.499168395996094,23574100,40.41973660786947,40.178141276041664,0.012410416053827025,0.005530401587958034,0.0008772476192639989,0.088808183346267,
2015-08-19 00:00:00-04:00,41.06899846443736,41.33237651474678,40.64759827252973,40.91975402832031,31485500,40.49757385253906,40.230732981363936,0.012752777262963514,-0.013962071773266804,-0.013926630715805022,0.08756657168201758,
2015-08-20 00:00:00-04:00,40.44567386536707,40.79684233440366,40.08572769165039,40.08572769165039,36238200,40.53946952819824,40.275116729736325,0.013360922494785061,-0.020381997802154328,-0.014133566178288315,0.08577935878970623,
2015-08-21 00:00:00-04:00,39.769676498932995,39.92770197414522,37.811920166015625,37.811920166015625,70053100,40.50295499165853,40.28836292690701,0.017029786352182424,-0.056723618518927044,-0.07244318647047687,0.0809068770157196,
2015-08-24 00:00:00-04:00,35.51177528928481,37.47830926422463,34.87089570421127,36.59161376953125,88753700,40.39872652689616,40.28901278177897,0.01745669003336744,-0.032273060747154414,-0.11356793114266739,0.07829191483949514,
2015-08-25 00:00:00-04:00,37.37296911798137,37.961175921438425,35.45910760361471,35.52934265136719,70616600,40.2567632039388,40.28305892944336,0.018086570955182055,-0.029030452847875865,-0.12223919852739662,0.07601560226513077,
2015-08-26 00:00:00-04:00,36.88132930116424,37.610002761643926,36.04730997997655,37.495872497558594,63408000,40.17628122965495,40.286535093519426,0.021030898013058227,0.05534945764372967,-0.08019608997260885,0.08022962685848038,
2015-08-27 00:00:00-04:00,37.95238929124391,38.584491232202716,37.68901459884138,38.54059600830078,50943200,40.104458236694335,40.3042189280192,0.02137065347732868,0.02786236033873357,-0.0543658049695096,0.08246833713081339,
2015-08-28 00:00:00-04:00,38.10163727420067,38.76007568320881,38.09285621997897,38.566932678222656,28246700,40.03467585245768,40.31882553100586,0.02137432538783259,0.0006833487971023011,-0.059155775243156294,0.0825247732815144,
2015-08-31 00:00:00-04:00,38.24210680981448,38.566935511067236,37.83826201072623,38.20698928833008,34441700,39.944173940022786,40.3260629442003,0.02136536145991596,-0.009332953514756048,-0.07423953858631982,0.08175346014830233,
2015-09-01 00:00:00-04:00,37.021789369147456,37.39051656023589,36.57405279674406,36.71451950073242,49688900,39.793456904093425,40.27310167948405,0.022313720342505214,-0.03906274258708775,-0.11529505482151547,0.07855528626757108,
2015-09-02 00:00:00-04:00,37.18859906394251,38.08407563434515,36.767198915927864,38.0665168762207,37671500,39.7383918762207,40.23362214830187,0.022585846382364713,0.03682459675010352,-0.06972762226588414,0.0814524455461276,
2015-09-03 00:00:00-04:00,38.110417488573695,38.61083044444717,37.99628721911396,38.189430236816406,28285200,39.67085266113281,40.18462842305501,0.022455079166049673,0.0032289100942799465,-0.04730605040828462,0.08171583332303049,
2015-09-04 00:00:00-04:00,37.58366146624998,37.785582154302,37.0481310832035,37.408077239990234,37138800,39.582211303710935,40.12791586981879,0.02271924761768638,-0.020459928100024727,-0.010680307274856471,0.08004149273212117,
2015-09-08 00:00:00-04:00,38.01383913725069,38.62838225196645,37.926048699001534,38.53181076049805,32469800,39.54818000793457,40.08773307800293,0.023356004329282143,0.030039863137004907,0.05302299601178939,0.08244951145655724,
2015-09-09 00:00:00-04:00,38.812745943032596,38.97955247186256,37.671453449048165,37.811920166015625,33469500,39.490443166097,40.03935902913411,0.02358755796541523,-0.018683020088441804,0.0642448563444109,0.0809068770157196,
2015-09-10 00:00:00-04:00,37.85581813654391,38.444024858996826,37.5309894579006,38.00506591796875,31366600,39.411525599161784,39.997174708048504,0.023248853994352774,0.005108065157894748,0.01357998591560472,0.08132076391929638,
2015-09-11 00:00:00-04:00,37.87337895521517,38.268442693417995,37.69779469945935,38.171871185302734,27132500,39.32101567586263,39.963005956013994,0.02311887688702699,0.00438902718111378,-0.009567180095466865,0.08167820649775864,
2015-09-14 00:00:00-04:00,38.127978606040806,38.13675631239207,37.627565619234595,37.78559112548828,23656000,39.222862497965494,39.937254418267145,0.023164221019784267,-0.010119495005609824,-0.020259364654518386,0.08085045721384555,
2015-09-15 00:00:00-04:00,37.917279955162044,38.882991834362045,37.820711781334516,38.610836029052734,28882200,39.14901974995931,39.916628222995335,0.023567130736444196,0.021840200959772238,0.010569970265780881,0.08261885260631424,
2015-09-16 00:00:00-04:00,38.6020468318562,38.961992996774754,38.487916579860375,38.89175796508789,23372200,39.06331850687663,39.88901396857368,0.023406358767440318,0.007275727876593363,0.05930183736469807,0.0832208327641828,
2015-09-17 00:00:00-04:00,38.88299121347974,39.50631222482455,38.6986292268552,38.84787368774414,32768200,38.97499173482259,39.864570702446834,0.023401263872214705,-0.0011283695991100018,0.020526091579750938,0.0831267943114504,
2015-09-18 00:00:00-04:00,38.18942994577743,38.61961120492964,38.04018550522921,38.171871185302734,63143700,38.89204063415527,39.83280893961589,0.02333204097114671,-0.017401274208082906,-0.0004597882556713895,0.08167820649775864,
2015-09-21 00:00:00-04:00,38.294779069014204,39.041011316962795,38.27722030858106,38.72496032714844,26177200,38.82403691609701,39.80449659559462,0.0235104973991939,0.014489442740723169,0.03520317493758851,0.0828634065345475,
2015-09-22 00:00:00-04:00,38.08407831194064,38.67228168000659,38.02262432867974,38.54059600830078,28085900,38.732734807332356,39.76364114549425,0.02336565425146017,-0.004760865273718773,0.00022799986892230173,0.08246833713081339,
2015-09-23 00:00:00-04:00,38.566939440669984,38.77763789306219,38.19821212549635,38.51426315307617,17145200,38.667301940917966,39.72653694152832,0.023133338257352976,-0.0006832498184236035,0.01857464482038651,0.08241190915452586,
2015-09-24 00:00:00-04:00,38.14554730827348,38.74253196547164,37.98752176083913,38.54938888549805,27905600,38.59344584147136,39.692615169949,0.02308235842478052,0.000912018809298365,0.014322379250812922,0.0824871791538965,
2015-09-25 00:00:00-04:00,39.04978675380754,39.269266222982935,38.4176848109053,38.57571029663086,29384600,38.52075792948405,39.66014887491862,0.02308480023523194,0.0006827971050589188,0.010579494763767627,0.08254358260694358,
2015-09-28 00:00:00-04:00,38.4791423780369,38.707399553815485,37.93483087988861,38.00506591796875,27613800,38.42119890848796,39.62134208679199,0.02316428566695191,-0.014792841772039877,0.005808425538496476,0.08132076391929638,
2015-09-29 00:00:00-04:00,38.07529909604749,38.250883349123384,37.79436563072249,38.13675308227539,32763600,38.31672655741374,39.585548951890736,0.02312717014382371,0.003464989761914339,-0.01227849473190945,0.08160295284721496,
2015-09-30 00:00:00-04:00,38.52304107745304,38.891765013663054,38.32989805430041,38.85664749145508,34958900,38.22864252726237,39.56279394361708,0.023411015495434253,0.018876657056425383,-0.0009027741472712458,0.08314559546246608,
2015-10-01 00:00:00-04:00,39.28682551005435,39.28682551005435,38.40890762156151,39.163917541503906,28657900,38.17011464436849,39.54645716349284,0.023363743094373373,0.00790778592302388,0.008135422193247921,0.08380403629427612,
2015-10-02 00:00:00-04:00,38.86542880904318,40.00672149658203,38.558155511134586,40.00672149658203,41839000,38.167481104532875,39.52960022820367,0.02342965011492876,0.02151990934474224,0.04806812593420284,0.08561005851201665,
2015-10-05 00:00:00-04:00,40.16474438133883,41.16557026287133,40.120849155638304,40.937313079833984,34369300,38.271660868326826,39.52463366190592,0.02117068916828222,0.023260880883015034,0.05712989074735231,0.08760419850728943,
2015-10-06 00:00:00-04:00,40.6739396480196,41.420168555227114,40.57736813906521,41.04266357421875,27017200,38.42002919514974,39.52655512491862,0.020105396616883115,0.0025734589414629916,0.0649203132556404,0.08782995128450699,
2015-10-07 00:00:00-04:00,41.34992249279881,41.56940191866077,40.34031914322791,41.0865478515625,27711500,38.60526936848958,39.52537862989637,0.019125977027893187,0.0010692356080739263,0.06678784657680459,0.08792398973723939,
2015-10-08 00:00:00-04:00,40.875864790778614,41.7186652980545,40.823188503202054,41.65721130371094,33772700,38.743980662027994,39.53354712592231,0.01671002397456377,0.013889301535143117,0.08061923957974937,0.08914684929695403,
2015-10-09 00:00:00-04:00,41.657195766904,41.73620849430385,41.19189710599807,41.35870361328125,28600600,38.83791758219401,39.53907725016276,0.01617501832610957,-0.007165810698497088,0.07214367007763056,0.08850718509291923,
2015-10-12 00:00:00-04:00,41.2445910472904,41.323603808547325,40.82319077025069,41.262149810791016,19769100,38.92775815327962,39.54828291998969,0.016195958217595705,-0.0023345461548565094,0.08570130886899263,0.08830028251319827,
2015-10-13 00:00:00-04:00,40.87586193119245,41.37627490669168,40.87586193119245,41.16557312011719,19987800,39.02637761433919,39.55854754977756,0.016071403739644004,-0.002340563715576671,0.07941997661173428,0.08809333088699639,
2015-10-14 00:00:00-04:00,40.95487233532885,41.34993272040349,40.84951977358392,40.98120880126953,24697800,39.16860059102376,39.570736736721464,0.0140980502015111,-0.004478604447208823,0.05467690722113017,0.08769826148326228,
2015-10-15 00:00:00-04:00,41.27090835571289,41.28846711106087,40.84950827433178,41.27090835571289,27189400,39.27541364034017,39.586919996473526,0.01266609686592987,0.007069082706862018,0.05379928634504205,0.08831905096656002,
2015-10-16 00:00:00-04:00,41.279702903657224,41.73622064498587,41.17435368611715,41.70988082885742,26450300,39.3927619934082,39.598677741156685,0.012747192939021832,0.010636365678240889,0.042571829646698145,0.08925971342394258,
2015-10-19 00:00:00-04:00,41.63086563853316,42.03471042191866,41.27970048431708,41.80644989013672,29387600,39.539374415079756,39.613155916002064,0.011954007915892536,0.0023152562261095078,0.02123091978723135,0.08946664870131749,
2015-10-20 00:00:00-04:00,41.64843012649893,41.97326220878652,41.27970616151281,41.93814468383789,30802200,39.652918879191084,39.63365203009711,0.010876773061954044,0.003150107077909192,0.021818299097470018,0.08974885397806304,
2015-10-21 00:00:00-04:00,42.069823670462206,42.131281003818096,41.358712323099354,41.43772506713867,25144300,39.77377904256185,39.65333629184299,0.010477693749046132,-0.011932326059528098,0.00854725534121048,0.08867651806826275,
2015-10-22 00:00:00-04:00,41.727434354860584,42.97407944381495,41.34115170634882,42.1663932800293,56637100,39.91248995463054,39.67772526211209,0.010802331934024604,0.01758465774146667,0.0122231412133198,0.09023796183452956,
2015-10-23 00:00:00-04:00,45.915110539055284,47.469025794465246,45.8712153090363,46.415523529052734,135227100,40.18727836608887,39.74797003004286,0.020786435545226762,0.10077054067215885,0.12226736996049414,0.09934331022494892,
2015-10-26 00:00:00-04:00,46.117032249861566,47.68850630025105,46.09069578109249,47.627052307128906,64633300,40.515327072143556,39.82440825568305,0.02082540293870418,0.026101801422488302,0.15425523210798198,0.1019394630757442,
2015-10-27 00:00:00-04:00,47.398788355032764,47.73239474196191,47.038842154089544,47.13541030883789,50999900,40.7994795481364,39.9013921101888,0.02091314024401998,-0.010322746726389886,0.14502014028327248,0.10088593649137308,
2015-10-28 00:00:00-04:00,47.003720571769335,47.3900032043457,46.40673619024814,47.3900032043457,47000800,41.082754389444986,39.97994473775228,0.020914697466814656,0.005401308566949536,0.15638373270428363,0.10143149684736759,
2015-10-29 00:00:00-04:00,47.00372097141,47.25831794342737,46.7227875364221,46.84569549560547,30202100,41.34934844970703,40.055550723605684,0.02113460609363317,-0.011485707363073638,0.13507788808144539,0.1002651143104214,
2015-10-30 00:00:00-04:00,46.81058076613618,47.398787483095646,46.19603758463809,46.21359634399414,46619800,41.61740595499675,40.12674984402127,0.02099399825180519,-0.01349321735805209,0.10797718491731523,0.0989106058215295,
2015-11-02 00:00:00-05:00,46.39795424712588,46.845694199178006,46.19603355562829,46.7403450012207,30285000,41.88458544413249,40.20370462205675,0.02096148147282313,0.011398131694959845,0.11801755767470756,0.10003936153320384,
2015-11-03 00:00:00-05:00,46.468181192770864,47.74994015002371,46.44184473511185,47.539241790771484,36596900,42.184540303548175,40.29331550598145,0.020936601789803517,0.017092231337400676,0.13355614916107972,0.10175129625173104,
2015-11-04 00:00:00-05:00,47.565588845537896,48.18013200341898,47.4602396424411,47.758731842041016,37087800,42.492689259847005,40.39399002922906,0.020889907343926116,0.004617028858717287,0.15254232139097534,0.10222163565483582,
2015-11-05 00:00:00-05:00,47.837744288186556,48.022106229722816,47.407563075611186,47.741172790527344,31468500,42.799082056681314,40.496601274278426,0.02090490967823326,-0.00036766159477907845,0.13220906690965095,0.10218400882956398,
2015-11-06 00:00:00-05:00,47.48658928396563,48.26793584266394,47.372458995360525,48.21525955200195,32851200,43.12040036519368,40.601573096381294,0.020871276254326325,0.009930354320258239,0.03877444195631474,0.10319991676307673,
2015-11-09 00:00:00-05:00,47.89041828059802,48.17135172604496,47.02128148030617,47.548030853271484,32513100,43.438499196370444,40.69961564805772,0.020836567951100945,-0.013838537942761464,-0.0016591716268276047,0.10177013010040069,
2015-11-10 00:00:00-05:00,47.46902171595861,47.52169799685031,46.76668804902477,46.977386474609375,55283700,43.73318697611491,40.79141464233398,0.021134068777374105,-0.012001430309975691,-0.00335255030545234,0.10054731141275347,
2015-11-11 00:00:00-05:00,47.14419124510003,47.583150189004144,46.93348947847003,47.10029602050781,36516300,44.007975260416664,40.88545146518283,0.021032013396292962,0.002616355551513516,-0.0061132552067716395,0.10081069101524288,
2015-11-12 00:00:00-05:00,46.95105558674504,47.39001459935372,46.69645855567405,46.81058883666992,35361100,44.26286430358887,40.97685093349881,0.021158986709281107,-0.006150856965139839,-0.0007494105608666368,0.10018988518311818,
2015-11-13 00:00:00-05:00,46.59109227032648,46.784235236829325,46.11701590654144,46.3891716003418,36848200,44.47561264038086,41.06085442437066,0.02112922503916845,-0.009002604897761946,0.003799212141828434,0.09928684137659397,
2015-11-16 00:00:00-05:00,46.59987306420821,47.31098425694943,46.39794904635378,47.20563507080078,32165200,44.68455670674642,41.15305752224393,0.020986729418144077,0.017600302878721052,0.009954784663397831,0.10103641926922,
2015-11-17 00:00:00-05:00,46.993529224163396,47.31171052538363,46.710702150093105,46.81676483154297,31551300,44.87702674865723,41.231927490234376,0.021121572823145904,-0.008237792769328678,-0.015197485950833256,0.10020311955855053,
2015-11-18 00:00:00-05:00,46.8432808267572,47.709439199720784,46.82560371242347,47.594539642333984,29710000,45.09395980834961,41.318664126925995,0.02122231059309786,0.016613168671300027,-0.0034379514148341617,0.10186979254961083,
2015-11-19 00:00:00-05:00,47.71827818016424,48.31044632263504,47.53267017035327,47.6740837097168,28149200,45.294522221883135,41.40492803785536,0.02116540108011106,0.0016712855714242636,-0.0014052667098253258,0.1020402454196018,
2015-11-20 00:00:00-05:00,47.94807376085867,47.99226485959721,47.081915413637375,47.895042419433594,37147600,45.512400182088214,41.48492533365886,0.021046328163861643,0.0046347762247973545,-0.006641406383449899,0.10251373197189832,
2015-11-23 00:00:00-05:00,47.94807376085867,48.13367839849937,47.506156030343845,47.895042419433594,28235900,45.7334966023763,41.56531020270454,0.021022165770945792,0.0,0.0072981269662451,0.10251373197189832,
2015-11-24 00:00:00-05:00,47.65640322530904,48.11599803862644,47.35590242553386,47.94807052612305,24600000,45.95957984924316,41.64337713453505,0.020989003958485467,0.001107173185589172,0.020662793832481707,0.10262736449375448,
2015-11-25 00:00:00-05:00,47.80665284912028,47.9303892551312,47.45311737060547,47.45311737060547,21005100,46.175310134887695,41.712455876668294,0.021109663313022286,-0.010322691822352237,0.007490852073287035,0.1015667425184783,
2015-11-27 00:00:00-05:00,47.55033789509862,47.797814068792576,47.54150102569287,47.66523742675781,9009100,46.38845443725586,41.80075331793891,0.021106658328380632,0.004470097390982808,0.018257591099097414,0.1020212889547299,
2015-11-30 00:00:00-05:00,48.20437647692287,48.57558567229518,47.72710462153219,48.03644561767578,56241400,46.59933993021647,41.8876515282525,0.021086912145369157,0.0077878179352062205,0.03550988216659268,0.10281674113096342,
2015-12-01 00:00:00-05:00,48.08948155265667,48.81422627436262,47.99225912411196,48.805389404296875,39952800,46.83263791402181,41.9847412109375,0.021176499195390257,0.016007507981359748,0.03388905437024037,0.10446449035480575,
2015-12-02 00:00:00-05:00,48.89376936014351,49.459423422340315,48.66397366171262,48.796546936035156,47274900,47.06125132242838,42.08745006985134,0.021197318946734357,-0.0001811781110580002,0.042287887931083734,0.10444554206434734,
2015-12-03 00:00:00-05:00,49.04404130554934,49.291514206647996,47.66525648893097,47.903892517089844,38627800,47.27679023742676,42.180337482028534,0.02140610179608933,-0.01829339318037082,0.006499755582900946,0.10253269661118372,
2015-12-04 00:00:00-05:00,47.833171240453005,49.69806448702225,47.81549412774092,49.41523742675781,43963700,47.518418375651045,42.28081130981445,0.02183545725522957,0.03154952197525063,0.03652201744752448,0.10577131748983917,
2015-12-07 00:00:00-05:00,49.30917759328801,49.46826823442633,48.86725989491812,49.32685470581055,30709800,47.61546274820964,42.37458559672038,0.01239779652569868,-0.001788572220830953,0.029894791069148052,0.10558192450380326,
2015-12-08 00:00:00-05:00,49.02635413538326,49.58316804868204,48.60211351838978,49.309181213378906,32878000,47.6715337117513,42.46990776062012,0.01154343021387139,-0.0003582935205791449,0.029525786438629797,0.10554405244612687,
2015-12-09 00:00:00-05:00,48.937956927355465,49.379874553067886,48.17785807167987,48.59326171875,36373200,47.72012875874837,42.55620935228136,0.011712329417446944,-0.014518989709662034,0.013456040786363754,0.1040099275697272,
2015-12-10 00:00:00-05:00,48.955653444388965,49.19428946146346,48.61979497166575,48.84959411621094,31775800,47.76878178914388,42.63828489515517,0.011710746490364672,0.00527506054120308,0.029428556499230263,0.1045592154582709,
2015-12-11 00:00:00-05:00,48.35462701334596,48.699322230627274,47.735941647463704,47.78013610839844,39549500,47.799929809570315,42.70808999803331,0.012238017228953612,-0.02189287397697326,0.002410534130186104,0.10226750228890062,
2015-12-14 00:00:00-05:00,48.01877570718887,48.79654837994197,47.444281386765915,48.73468017578125,46768900,47.88396593729655,42.79780417548285,0.01242090567298911,0.01997784320281637,0.014535516712929741,0.10431296942644623,
2015-12-15 00:00:00-05:00,49.19427939633601,49.406401380857254,48.69049347610819,48.787715911865234,39843000,47.95221163431803,42.886944664849175,0.01228944787810191,0.001088254522091603,-0.0003621217379342623,0.10442661829712936,
2015-12-16 00:00:00-05:00,49.08823227192551,49.71575476736905,48.39883817982019,49.60969543457031,37503300,48.021226755777995,42.97950062221951,0.012278844604952264,0.016848083730543584,0.016664058208894827,0.10618801639165482,
2015-12-17 00:00:00-05:00,49.81294913123448,50.19299851193308,49.07936434519094,49.229618072509766,41280900,48.07025629679362,43.07674916585287,0.012375432799562883,-0.007661352458045778,0.02767469376203535,0.10537355870406846,
2015-12-18 00:00:00-05:00,49.2914921344186,49.494773836660066,47.753617321005684,47.842002868652344,84684200,48.07361729939779,43.155381732516815,0.01348093079959347,-0.02818659291269776,-0.031837033272121396,0.10240007492680171,
2015-12-21 00:00:00-05:00,48.50488827028254,48.92028862053658,47.93039390485537,48.460697174072266,37246300,48.0817985534668,43.24098561604818,0.01356682759409293,0.012932031861594862,-0.017559553247498028,0.10372585852670704,
2015-12-22 00:00:00-05:00,48.60211017376183,49.03518763208022,48.16902934387895,48.9202880859375,28322200,48.12754046122233,43.32907952202691,0.013398366911594815,0.00948378662845828,-0.007886829954821706,0.10471070368897649,
2015-12-23 00:00:00-05:00,49.22963024547447,49.388720880061534,48.999831163709,49.335689544677734,27279800,48.20615056355794,43.4186880323622,0.013232143657019005,0.008491394368130178,0.015278411032064287,0.10560085644543471,
2015-12-24 00:00:00-05:00,49.37104060672379,49.45942278847278,48.99099115638771,49.20310974121094,9558500,48.27624435424805,43.50428738064236,0.013255145989895693,-0.002687300100401635,0.007236818061558514,0.10531675470476062,
2015-12-28 00:00:00-05:00,48.92028499638778,49.45058822631836,48.5932668627807,49.45058822631836,22458300,48.364244333902995,43.59907442728679,0.013188407406943888,0.005029732600420278,0.03496122560492876,0.10584706977960545,
2015-12-29 00:00:00-05:00,49.75109265919435,50.24603829737847,49.54781093328812,49.98088836669922,27731400,48.48396822611491,43.709020657009546,0.01311689777650944,0.0107238388743498,0.025571280788609263,0.1069834358702344,
2015-12-30 00:00:00-05:00,49.91018182753097,50.18416862018279,49.75109119947834,49.768768310546875,21704500,48.569406000773114,43.841874525282115,0.012857633628785434,-0.004244023327397928,0.02010859455798064,0.10652888943398282,
2015-12-31 00:00:00-05:00,49.53012038425864,49.66269362784921,48.98214018841481,49.03517150878906,27334100,48.64335289001465,43.98013627794054,0.01308621730612364,-0.014740103616394884,-0.011580879921727849,0.10495688432549327,
